Districts,KANCHANPUR,KAILALI,DARCHULA,DOTI,DADELDHURA,BAJHANG,BAJURA,BAITADI,ACHHAM,RUKUM_W,SALYAN,MUGU,KALIKOT,JUMLA,JAJARKOT,HUMLA,DOLPA,DAILEKH,SURKHET,PYUTHAN,PALPA,NAWALPARASI_W,KAPILBASTU,GULMI,DANG,BARDIYA,RUPANDEHI,BANKE,RUKUM_E,ARGHAKHANCHI,ROLPA,PARBAT,NAWALPARASI_E,MYAGDI,MUSTANG,MANANG,LAMJUNG,KASKI,GORKHA,TANAHU,BAGLUNG,SYANGJA,NUWAKOT,MAKAWANPUR,LALITPUR,KABHREPALANCHOK,KATHMANDU,DOLAKHA,DHADING,CHITAWAN,BHAKTAPUR,RAMECHHAP,RASUWA,SINDHULI,SINDHUPALCHOK,SIRAHA,SARLAHI,SAPTARI,RAUTAHAT,PARSA,MAHOTTARI,DHANUSHA,BARA,SANKHUWASABHA,PANCHTHAR,MORANG,OKHALDHUNGA,KHOTANG,JHAPA,TERHATHUM,UDAYAPUR,ILAM,TAPLEJUNG,DHANKUTA,SUNSARI,BHOJPUR,SOLUKHUMBU
KANCHANPUR,0,60.0288,253.1824,196.012,106.4044,266.6951,316.2295,196.0479,310.2332,440.805,357.8837,585.9603,440.8685,527.9746,371.8328,1450.671,522.62,354.9657,283.9119,392.9098,474.3199,472.942,402.7648,500.0895,334.9068,177.7351,428.6248,214.9861,469.6849,455.0159,440.0231,645.6855,520.3946,676.3859,741.2657,702.8885,652.4978,592.5359,612.7455,627.6954,580.0468,556.5845,677.2439,627.5621,696.8151,724.36,696.3769,866.0515,644.6948,551.8468,708.3662,823.397,720.9656,793.4589,777.9797,918.135,835.7826,982.3184,802.2826,679.4831,834.3881,853.4251,683.1185,1181.4724,1251.6169,1023.9854,1036.381,1064.86,1143.2049,1157.1154,998.0121,1177.2717,1323.378,1097.8307,1010.0902,1196.1083,1078.5389
KAILALI,60.1171,0,254.1412,196.9708,107.3632,267.6539,317.1884,197.0067,311.1921,403.7861,320.8647,548.9413,403.8495,490.9556,334.8138,1413.652,485.601,317.9467,246.8929,355.8908,437.3009,435.9231,365.7458,463.0705,297.8878,140.7161,391.6058,177.9671,432.6659,417.9969,403.0042,608.6665,483.3756,639.3669,704.2467,665.8695,615.4788,555.517,575.7265,590.6764,543.0278,519.5655,640.2249,590.5431,659.7961,687.341,659.3579,829.0325,607.6758,514.8278,671.3472,786.378,683.9467,756.44,740.9607,893.9377,811.5853,958.1211,778.0853,642.4641,810.1907,829.2278,646.0995,1157.2751,1227.4196,999.7881,889.6489,918.1279,1119.0076,1132.9181,973.8148,1153.0744,1299.1807,1073.6334,985.8928,1171.911,931.8068
DARCHULA,253.1617,254.1207,0,185.7442,158.8379,198.0774,305.9618,63.4537,299.9655,634.897,551.9756,526.0712,380.9794,468.0855,565.9248,1644.763,716.7119,419.5267,478.0038,587.0017,668.4118,667.034,596.8567,694.1814,528.9987,371.8271,622.7167,409.0781,663.7768,649.1078,634.1151,839.7774,714.4865,870.4778,935.3576,896.9805,846.5897,786.6279,806.8374,821.7873,774.1388,750.6764,871.3359,821.654,890.9071,918.4519,890.4688,1060.1434,838.7867,745.9387,902.4582,1017.4889,915.0576,987.5509,972.0716,1096.9789,1014.6266,1161.1623,981.1265,873.575,1013.232,1032.269,877.2104,1360.3164,1430.4608,1202.8294,1120.7598,1149.2388,1322.0488,1335.9593,1176.8561,1356.1156,1502.2219,1276.6746,1188.9341,1374.9522,1162.9177
DOTI,196.0329,196.992,185.7303,0,101.7091,199.243,120.2176,128.5958,114.2213,577.7682,494.8469,340.327,195.2353,282.3413,508.796,1587.6342,659.5832,233.7825,271.5861,529.873,611.2831,609.9052,539.728,637.0527,471.87,314.6983,565.5879,351.9493,606.6481,591.9791,576.9863,782.6486,657.3578,813.3491,878.2289,839.8517,789.461,729.4991,749.7086,764.6586,717.01,693.5477,814.2071,764.5253,833.7783,861.3231,833.3401,1003.0147,781.658,688.8099,845.3294,960.3602,857.9288,930.4221,914.9429,1039.8502,957.4978,1104.0336,923.9978,816.4463,956.1032,975.1403,820.0817,1303.1876,1373.3321,1145.7006,1063.6311,1092.1101,1264.9201,1278.8306,1119.7273,1298.9869,1445.0932,1219.5459,1131.8053,1317.8235,1105.789
DADELDHURA,106.4044,107.3635,158.8586,101.6882,0,172.3713,221.9058,101.7241,215.9095,488.1397,405.2184,442.0152,296.9234,384.0295,419.1675,1498.0057,569.9546,402.3003,331.2465,440.2445,521.6546,520.2767,450.0994,547.4241,382.2415,225.0698,475.9594,262.3208,517.0195,502.3506,487.3578,693.0201,567.7293,723.7205,788.6003,750.2232,699.8324,639.8706,660.0801,675.03,627.3815,603.9192,724.5786,674.8968,744.1498,771.6946,743.7116,913.3861,692.0295,599.1814,755.7009,870.7317,768.3003,840.7936,825.3144,950.2217,867.8693,1014.4051,834.3693,726.8178,866.4747,885.5118,730.4531,1213.5591,1283.7035,1056.0721,974.0026,1002.4816,1175.2916,1189.2021,1030.0988,1209.3584,1355.4647,1129.9174,1042.1768,1228.195,1016.1604
BAJHANG,266.6743,267.6334,198.0774,199.2569,172.3506,0,319.4744,140.9429,313.4781,648.4096,565.4883,539.5839,394.4921,481.5982,579.4374,1658.2756,730.2246,433.0394,491.5165,600.5144,681.9245,680.5467,610.3694,707.6941,542.5114,385.3397,636.2294,422.5907,677.2895,662.6205,647.6277,853.2901,727.9992,883.9905,948.8703,910.4931,860.1024,800.1405,820.3501,835.3,787.6514,764.1891,884.8485,835.1667,904.4197,931.9646,903.9815,1073.6561,852.2994,759.4514,915.9708,1031.0016,928.5703,1001.0636,985.5843,1110.4916,1028.1392,1174.675,994.6392,887.0877,1026.7447,1045.7817,890.7231,1373.8291,1443.9735,1216.3421,1134.2725,1162.7515,1335.5615,1349.472,1190.3688,1369.6283,1515.7346,1290.1873,1202.4468,1388.4649,1176.4304
BAJURA,316.2505,317.2096,305.9479,120.2176,221.9267,319.4606,0,248.8134,100.6549,449.8897,361.4503,326.7606,181.6689,268.7749,403.7253,1707.8518,531.7046,220.2162,258.0197,650.0906,731.5007,730.1228,659.9455,757.2702,592.0876,434.9159,685.8055,472.1669,478.7695,712.1967,472.5912,902.8662,777.5754,933.5666,998.4464,960.0693,909.6785,849.7167,869.9262,884.8761,837.2276,813.7653,934.4247,884.7429,953.9959,981.5407,953.5577,1123.2322,901.8756,809.0275,965.547,1080.5778,978.1464,1050.6397,1035.1605,1160.0678,1077.7154,1224.2512,1044.2154,936.6639,1076.3208,1095.3579,940.2992,1423.4052,1493.5496,1265.9182,1183.8487,1212.3277,1385.1377,1399.0482,1239.9449,1419.2045,1565.3108,1339.7635,1252.0229,1438.0411,1226.0065
BAITADI,196.0272,196.9862,63.4537,128.6097,101.7034,140.9429,248.8273,0,242.831,577.7625,494.8411,468.9367,323.8449,410.951,508.7903,1587.6285,659.5774,362.3922,420.8693,529.8672,611.2773,609.8995,539.7222,637.0469,471.8642,314.6926,565.5822,351.9436,606.6423,591.9733,576.9806,782.6429,657.352,813.3433,878.2231,839.846,789.4552,729.4934,749.7029,764.6528,717.0043,693.5419,814.2014,764.5195,833.7726,861.3174,833.3343,1003.0089,781.6522,688.8042,845.3237,960.3544,857.9231,930.4164,914.9371,1039.8444,957.4921,1104.0278,923.992,816.4405,956.0975,975.1345,820.0759,1303.1819,1373.3263,1145.6949,1063.6253,1092.1043,1264.9143,1278.8248,1119.7216,1298.9811,1445.0874,1219.5401,1131.7996,1317.8177,1105.7832
ACHHAM,310.2542,311.2133,299.9516,114.2213,215.9304,313.4643,100.6549,242.8171,0,362.9291,274.4896,239.8,94.7083,181.8143,316.7646,1506.8792,444.744,133.2555,171.0591,449.118,530.5281,529.1502,458.973,556.2977,391.115,296.4329,484.833,271.1943,391.8089,511.2241,385.6306,701.8937,576.6028,732.5941,797.4739,759.0967,708.706,648.7441,668.9536,683.9036,636.255,612.7927,733.4521,683.7703,753.0233,780.5681,752.5851,922.2597,700.903,608.0549,764.5744,879.6052,777.1738,849.6671,834.1879,959.0952,876.7428,1023.2786,843.2428,735.6913,875.3483,894.3853,739.3267,1222.4326,1292.5771,1064.9456,982.8761,1011.3551,1184.1651,1198.0756,1038.9723,1218.2319,1364.3382,1138.7909,1051.0504,1237.0685,1025.034
RUKUM_W,440.8087,403.793,634.8329,577.6625,488.0549,648.3455,697.88,577.6984,691.8837,0,88.4394,494.3702,349.2784,436.3845,205.9829,1328.4116,88.7957,263.3756,192.3218,228.517,352.0605,350.6826,280.5054,242.892,162.3211,282.8527,306.3654,257.6141,35.8606,332.7565,194.0623,225.4173,398.1352,228.3098,299.9088,580.6291,530.2384,279.995,490.486,505.436,133.0209,434.3251,554.9845,505.3027,574.5557,602.1005,574.1175,743.7921,522.4354,429.5873,586.1068,701.1376,598.7062,671.1995,655.7203,705.7482,625.7789,747.7119,614.4392,557.2237,725.1053,667.6728,560.8591,1072.1897,1142.3341,914.7027,804.4085,832.8875,1033.9221,1047.8326,739.8271,1067.9889,1214.0952,988.5479,900.8074,1086.8255,846.5664
SALYAN,357.8874,320.8717,551.9115,494.7411,405.1335,565.4242,614.9587,494.777,608.9624,88.4394,0,405.9308,260.839,347.9451,117.5434,1245.4903,170.2544,174.9362,103.8823,145.5956,269.1391,267.7613,197.584,294.9087,79.3997,199.9314,223.444,174.6928,117.3193,249.8352,111.141,440.5047,315.2139,471.2051,536.0849,497.7078,447.317,387.3552,407.5647,422.5146,214.4796,351.4037,472.0632,422.3813,491.6344,519.1792,491.1961,660.8707,439.514,346.666,503.1855,618.2162,515.7849,588.2782,572.7989,622.8268,542.8575,664.7905,531.5178,474.3023,642.1839,584.7515,477.9377,989.2683,1059.4128,831.7813,721.4872,749.9661,951.0008,964.9113,656.9057,985.0676,1131.1739,905.6266,817.886,1003.9042,763.645
MUGU,585.7916,548.7759,779.8157,722.6453,633.0378,793.3284,842.8629,722.6812,836.8666,494.3317,405.8923,0,145.0918,130.1009,448.1673,1638.2819,576.1467,264.6582,302.4617,580.5207,661.9308,660.5529,590.3756,687.7003,522.5177,427.8356,616.2356,402.597,523.2116,642.6268,517.0333,833.2963,708.0055,863.9967,928.8765,890.4994,840.1086,780.1468,800.3563,815.3062,767.6577,744.1954,864.8548,815.173,884.426,911.9708,883.9878,1053.6623,832.3057,739.4576,895.9771,1011.0079,908.5765,981.0698,965.5906,1090.4979,1008.1455,1154.6813,974.6455,867.094,1006.7509,1025.788,870.7293,1353.8353,1423.9797,1196.3483,1114.2788,1142.7578,1315.5678,1329.4783,1170.375,1349.6345,1495.7409,1270.1936,1182.453,1368.4712,1156.4366
KALIKOT,440.6998,403.6841,634.724,577.5536,487.946,648.2367,697.7712,577.5895,691.7749,349.24,260.8006,145.0918,0,87.106,303.0755,1493.1901,431.0549,119.5664,157.37,435.4289,516.839,515.4612,445.2839,542.6086,377.4259,282.7439,471.1439,257.5052,378.1198,497.535,371.9415,688.2046,562.9137,718.905,783.7848,745.4076,695.0169,635.055,655.2646,670.2145,622.5659,599.1036,719.763,670.0812,739.3342,766.8791,738.896,908.5706,687.2139,594.3659,750.8853,865.9161,763.4848,835.9781,820.4988,945.4061,863.0537,1009.5895,829.5537,722.0022,861.6592,880.6962,725.6376,1208.7436,1278.888,1051.2566,969.187,997.666,1170.476,1184.3865,1025.2833,1204.5428,1350.6491,1125.1018,1037.3613,1223.3794,1011.3449
JUMLA,527.8059,490.7902,721.83,664.6596,575.0521,735.3427,784.8772,664.6955,778.8809,436.346,347.9066,130.1009,87.106,0,390.1816,1580.2962,518.161,206.6725,244.476,522.535,603.945,602.5672,532.3899,629.7146,464.532,369.8499,558.2499,344.6113,465.2259,584.6411,459.0476,775.3106,650.0198,806.011,870.8908,832.5137,782.1229,722.1611,742.3706,757.3205,709.672,686.2096,806.8691,757.1872,826.4403,853.9851,826.0021,995.6766,774.32,681.4719,837.9914,953.0221,850.5908,923.0841,907.6048,1032.5122,950.1598,1096.6955,916.6598,809.1082,948.7652,967.8023,812.7436,1295.8496,1365.994,1138.3626,1056.2931,1084.772,1257.5821,1271.4926,1112.3893,1291.6488,1437.7551,1212.2079,1124.4673,1310.4855,1098.4509
JAJARKOT,371.7026,334.6869,565.7267,508.5563,418.9488,579.2394,628.7739,508.5922,622.7776,205.9829,117.5434,448.2058,303.114,390.22,0,1363.0337,287.7978,217.2112,146.1573,263.1391,386.6826,385.3047,315.1274,412.4521,196.9431,213.7466,340.9874,188.508,234.8627,367.3786,228.6844,558.0481,432.7573,588.7485,653.6284,615.2512,564.8604,504.8986,525.1081,540.058,332.023,468.9472,589.6066,539.9248,609.1778,636.7226,608.7396,778.4141,557.0575,464.2094,620.7289,735.7597,633.3283,705.8216,690.3424,876.4089,794.0565,940.5923,760.5565,591.8458,792.6619,811.699,595.4811,1139.7463,1209.8907,982.2593,839.0306,867.5096,1101.4788,1115.3893,956.286,1135.5455,1281.6519,1056.1046,968.364,1154.3822,881.1884
HUMLA,1450.6853,1413.6696,1644.7095,1587.5391,1497.9315,1658.2222,1707.7567,1587.575,1701.7604,1328.3962,1245.4749,1638.2744,1493.1826,1580.2962,1363.0183,0,1195.0746,1407.2798,1336.226,1173.8879,1055.5144,995.3994,1075.5989,1129.2586,1169.8237,1292.7294,1022.3049,1267.4907,1198.5755,1102.8162,1221.0012,1009.0965,930.2764,1039.7969,1104.6767,981.9226,931.5319,954.9362,891.7795,906.7294,1108.456,992.596,781.2398,937.573,855.3425,882.8873,854.9042,1024.5788,843.0418,903.0359,866.8936,981.9243,729.7054,1004.7927,936.507,1136.1724,1056.2031,1178.1361,1044.8634,987.6479,1113.607,1098.0971,991.2833,1396.1702,1466.3147,1252.9771,1083.164,1111.643,1329.1371,1371.8132,1170.2513,1391.9695,1538.0758,1312.5285,1224.7879,1191.5065,1125.3218
DOLPA,522.6237,485.608,716.6478,659.4774,569.8698,730.1605,779.695,659.5133,773.6987,88.7957,170.2544,576.1851,431.0934,518.1994,287.7978,1195.0801,0,345.1905,274.1367,310.3319,192.692,270.1998,291.5536,203.5893,244.136,364.6677,238.2595,339.4291,52.9938,243.6956,275.8773,186.1145,317.6523,189.007,260.606,369.2578,318.867,240.6922,341.7848,288.464,93.7182,240.9518,421.653,424.8198,441.2242,468.769,440.786,610.4605,389.1039,349.1045,452.7753,567.806,465.3747,590.7166,522.3887,625.2653,545.296,667.229,533.9563,476.7408,632.7612,587.19,480.3762,979.8456,1049.9901,822.3586,723.9256,752.4046,941.5781,955.4886,659.3442,975.6449,1121.7512,896.2039,808.4633,994.4815,766.0835
DAILEKH,354.8349,317.8192,548.8591,491.6887,402.0811,562.3717,611.9062,491.7246,605.9099,263.3751,174.9356,264.6582,119.5664,206.6725,217.2106,1407.3252,345.19,0,74.3745,349.564,430.9741,429.5962,359.419,456.7437,291.561,196.8789,385.2789,171.6403,292.2549,411.6701,286.0766,602.3396,477.0488,633.0401,697.9199,659.5427,609.152,549.1901,569.3996,584.3496,536.701,513.2387,633.8981,584.2163,653.4693,681.0141,653.0311,822.7057,601.349,508.5009,665.0204,780.0512,677.6198,750.1131,734.6339,859.5412,777.1888,923.7246,743.6888,636.1373,775.7942,794.8313,639.7727,1122.8786,1193.0231,965.3916,883.3221,911.8011,1084.6111,1098.5216,939.4183,1118.6779,1264.7842,1039.2369,951.4964,1137.5145,925.48
SURKHET,285.0423,248.0266,479.0664,421.896,332.2884,492.5791,542.1136,421.9319,536.1173,193.5824,105.143,302.5365,157.4448,244.5508,147.418,1337.5326,275.3973,76.0265,0,279.7713,361.1814,359.8036,289.6263,386.951,221.7683,127.0863,315.4863,101.8477,222.4622,341.8775,216.284,532.547,407.2561,563.2474,628.1272,589.7501,539.3593,479.3975,499.607,514.5569,466.9084,443.446,564.1055,514.4236,583.6767,611.2215,583.2384,752.913,531.5563,438.7083,595.2278,710.2585,607.8272,680.3205,664.8412,789.7485,707.3962,853.9319,673.8961,566.3446,706.0016,725.0386,569.98,1053.086,1123.2304,895.599,813.5294,842.0084,1014.8184,1028.7289,869.6257,1048.8852,1194.9915,969.4442,881.7037,1067.7218,855.6873
PYUTHAN,392.9094,355.8937,586.9335,529.7631,440.1555,600.4462,649.9807,529.799,643.9844,228.4868,145.5655,580.4984,435.4067,522.5127,263.1089,1173.8731,310.3018,349.5038,278.45,0,144.2217,196.1442,125.9669,109.282,69.9143,234.9534,151.8269,209.7148,257.3667,74.1923,77.7683,368.8876,243.5967,272.9074,464.4678,426.0906,375.6999,315.738,335.9476,350.8975,226.0872,279.7866,400.446,350.7642,420.0172,447.5621,419.579,589.2536,367.8969,275.0489,431.5683,546.5991,444.1678,516.661,501.1818,551.2097,471.2404,593.1734,459.9007,402.6852,570.5668,513.1344,406.3206,917.6512,987.7956,760.1642,649.87,678.349,879.3837,893.2942,585.2886,913.4504,1059.5567,834.0095,746.2689,932.2871,692.0279
PALPA,474.2945,437.2787,668.3186,611.1482,521.5406,681.8313,731.3658,611.1841,725.3695,352.0053,269.084,661.8835,516.7917,603.8978,386.6274,1055.5832,192.692,430.8889,359.8351,144.2217,0,77.8542,99.208,74.0907,193.4328,316.3385,45.914,291.0999,196.1929,73.3402,244.6103,179.6958,125.3068,210.3963,275.2761,307.8007,257.4099,126.5463,217.6576,173.9367,106.0734,90.5949,282.1561,232.4742,301.7273,329.2721,301.289,470.9636,249.607,156.7589,313.2784,428.3091,325.8778,398.3711,382.8918,432.9198,352.9504,474.8834,341.6107,284.3952,440.4157,394.8444,288.0306,787.5001,857.6445,630.0131,531.5801,560.059,749.2325,763.143,466.9986,783.2993,929.4056,703.8583,616.1178,802.1359,573.7379
NAWALPARASI_W,472.9564,435.9407,666.9805,609.8101,520.2025,680.4932,730.0277,609.846,724.0314,350.6672,267.7459,660.5454,515.4537,602.5597,385.2893,995.3994,270.131,429.5508,358.497,196.1589,77.7854,0,63.6626,151.5296,192.0948,315.0004,44.5759,289.7618,273.6319,125.0873,243.2722,249.151,65.123,279.8514,344.7312,247.6169,197.2261,220.6305,157.4738,172.4237,183.5124,160.05,221.9723,172.2905,241.5435,269.0883,241.1053,410.7798,189.4232,96.5751,253.0946,368.1254,265.694,338.1873,322.7081,450.2651,292.7667,414.6997,334.4127,224.2115,366.5181,334.6606,227.8468,713.6025,783.747,556.1155,471.3963,499.8753,675.335,689.2455,406.8149,709.4018,855.5081,629.9608,542.2202,728.2384,513.5542
KAPILBASTU,402.7643,365.7486,596.7885,539.6181,450.0105,610.3011,659.8356,539.654,653.8393,280.4752,197.5538,590.3534,445.2616,532.3676,315.0973,1075.5842,291.5786,359.3588,288.3049,125.9669,99.233,63.6677,0,125.0026,121.9027,244.8083,53.5379,219.5697,309.355,83.0168,173.0802,270.5986,145.3078,301.299,366.1788,327.8017,277.4109,217.4491,237.6586,252.6085,204.96,181.4976,302.1571,252.4752,321.7283,349.2731,321.29,490.9646,269.6079,176.7599,333.2794,448.3101,345.8788,418.3721,402.8928,502.7744,372.9514,566.9578,386.922,304.3962,419.0274,414.8454,308.0316,766.1118,836.2563,608.6248,551.5811,580.06,727.8443,741.7548,486.9996,761.9111,908.0174,682.4701,594.7296,780.7477,593.7389
GULMI,500.089,463.0733,694.1132,636.9428,547.3352,707.6258,757.1603,636.9787,751.164,242.892,294.8785,687.6781,542.5863,629.6923,412.422,1129.3274,203.5893,456.6835,385.6296,109.282,74.0907,151.5984,125.0026,0,219.2274,342.133,104.3386,316.8944,207.0902,40.2718,178.3515,121.9355,199.051,163.7908,235.3898,381.5449,331.1541,200.2905,291.4018,247.6809,116.9706,164.3391,355.9003,306.2185,375.4715,403.0163,375.0333,544.7078,323.3512,230.5031,387.0226,502.0534,399.622,472.1153,456.636,506.664,426.6946,548.6276,415.3549,358.1395,514.1599,468.5886,361.7748,861.2443,931.3887,703.7573,605.3243,633.8033,822.9767,836.8872,540.7428,857.0435,1003.1498,777.6026,689.862,875.8802,647.4821
DANG,334.9064,297.8907,528.9305,471.7601,382.1525,542.4432,591.9777,471.796,585.9814,162.2909,79.3695,522.4954,377.4037,464.5097,196.913,1169.809,244.1058,291.5008,220.447,69.9143,193.4578,192.08,121.9027,219.2274,0,176.9504,147.7627,151.7118,191.1707,174.1539,117.0277,364.8234,239.5326,395.5238,460.4036,422.0265,371.6357,311.6739,331.8834,346.8333,299.1848,275.7224,396.3819,346.7,415.9531,443.4979,415.5148,585.1894,363.8327,270.9847,427.5042,542.5349,440.1036,512.5969,497.1176,547.1456,467.1762,589.1092,455.8365,398.621,566.5026,509.0702,402.2564,913.587,983.7315,756.1,645.8059,674.2848,875.3195,889.23,581.2244,909.3863,1055.4926,829.9453,742.2047,928.2229,687.9637
BARDIYA,177.7319,140.7161,371.756,314.5856,224.978,385.2687,434.8032,314.6215,428.8069,282.8458,199.9244,428.001,282.9093,370.0153,213.8736,1292.7118,364.6607,197.0064,125.9526,234.9505,316.3606,314.9828,244.8055,342.1302,176.9476,0,270.6655,42.2308,311.7256,297.0567,282.0639,487.7262,362.4353,518.4266,583.3064,544.9293,494.5385,434.5767,454.7862,469.7361,422.0876,398.6252,519.2847,469.6028,538.8559,566.4007,538.4176,708.0922,486.7355,393.8875,550.407,665.4377,563.0064,635.4997,620.0204,725.5939,643.2415,789.7773,609.7415,521.5238,641.847,660.884,525.1592,988.9314,1059.0758,831.4444,768.7086,797.1876,950.6638,964.5743,805.4711,984.7306,1130.8369,905.2896,817.5491,1003.5672,810.8665
RUPANDEHI,428.6243,391.6086,622.6485,565.4781,475.8705,636.1611,685.6956,565.514,679.6993,306.3352,223.4138,616.2134,471.1216,558.2276,340.9573,1022.2901,238.2845,385.2188,314.1649,151.8269,45.939,44.5611,53.5379,104.3386,147.7627,270.6683,0,245.4297,335.215,80.7552,198.9402,217.3045,92.0137,248.0049,312.8848,274.5076,224.1168,164.155,184.3645,199.3144,151.6659,128.2036,248.863,199.1812,268.4342,295.979,267.996,437.6705,216.3139,123.4658,279.9853,395.0161,292.5847,365.078,349.5988,399.6267,319.6573,441.5904,308.3176,251.1022,407.1226,361.5513,254.7375,754.207,824.3514,596.72,498.287,526.766,715.9395,729.85,433.7055,750.0062,896.1125,670.5653,582.8247,768.8429,540.4448
BANKE,214.8988,177.8831,408.9229,351.7525,262.1449,422.4356,471.9701,351.7884,465.9738,257.3326,174.4112,402.4878,257.3961,344.5021,188.3603,1267.1985,339.1475,171.4932,100.4394,209.4373,290.8474,289.4696,219.2923,316.617,151.4343,42.5579,245.1523,0,286.2124,271.5434,256.5507,462.213,336.9221,492.9134,557.7932,519.4161,469.0253,409.0635,429.273,444.2229,396.5744,373.112,493.7714,444.0896,513.3427,540.8875,512.9044,682.579,461.2223,368.3743,524.8938,639.9245,537.4932,609.9865,594.5072,691.3436,608.9912,755.527,575.4912,496.0106,607.5967,626.6337,499.646,954.681,1024.8255,797.194,743.1954,771.6744,916.4135,930.324,771.2207,950.4803,1096.5866,871.0393,783.2988,969.3169,785.3533
RUKUM_E,469.6886,432.6729,663.7127,606.5423,516.9347,677.2254,726.7599,606.5782,720.7636,35.8606,117.3193,523.25,378.1583,465.2643,234.8627,1198.581,52.9938,292.2554,221.2016,257.3968,196.1929,273.7007,309.3852,207.0902,191.2009,311.7326,335.2452,286.494,0,247.1965,222.9422,189.6154,321.1532,192.5079,264.1069,372.7587,322.3679,244.1931,345.2857,291.9649,97.2191,244.4527,425.1539,428.3207,444.7251,472.2699,444.2869,613.9614,392.6048,352.6054,456.2762,571.307,468.8756,594.2176,525.8896,628.7662,548.7969,670.7299,537.4572,480.2417,636.2621,590.6909,483.8771,983.3465,1053.491,825.8595,727.4265,755.9055,945.079,958.9895,662.8451,979.1458,1125.2521,899.7048,811.9643,997.9824,769.5844
ARGHAKHANCHI,455.0155,417.9998,649.0396,591.8692,502.2616,662.5523,712.0868,591.9051,706.0905,332.7263,249.805,642.6045,497.5128,584.6188,367.3484,1102.8015,243.6956,411.6099,340.5561,74.1923,73.3402,125.0725,83.0168,40.2718,174.1539,297.0595,80.7552,271.8209,247.1965,0,143.2618,162.0418,172.5251,203.8972,275.4962,355.019,304.6282,199.5401,264.8759,279.8258,157.077,163.5886,329.3744,279.6925,348.9456,376.4904,348.5073,518.1819,296.8253,203.9772,360.4967,475.5274,373.0961,445.5894,430.1101,480.1381,400.1687,522.1017,388.829,331.6135,487.634,442.0627,335.2489,834.7184,904.8628,677.2314,578.7984,607.2773,796.4508,810.3613,514.2169,830.5176,976.6239,751.0766,663.3361,849.3542,620.9562
ROLPA,440.0227,403.007,634.0468,576.8764,487.2689,647.5595,697.094,576.9123,691.0977,194.0623,111.141,517.0717,371.98,459.086,228.6844,1220.9865,275.8773,286.0771,215.0233,77.7683,244.6353,243.2575,173.0802,178.3515,117.0277,282.0667,198.9402,256.8281,222.9422,143.2618,0,416.0009,290.71,446.7013,511.5811,473.204,422.8132,362.8514,383.0609,398.0108,295.1567,326.8999,447.5594,397.8775,467.1306,494.6754,466.6923,636.3669,415.0102,322.1622,478.6817,593.7124,491.2811,563.7744,548.2951,598.323,518.3537,640.2867,507.014,449.7985,617.6801,560.2477,453.4339,964.7645,1034.909,807.2775,696.9833,725.4623,926.497,940.4075,632.4019,960.5638,1106.6701,881.1228,793.3822,979.4004,739.1412
PARBAT,645.7056,608.6898,839.7297,782.5593,692.9517,853.2424,902.7769,782.5952,896.7806,225.4173,440.4951,833.2946,688.2028,775.3089,558.0385,1009.102,186.1145,602.3,531.2462,231.0521,179.7414,249.2653,270.6191,121.9355,364.8439,487.7496,217.3251,462.511,189.6154,162.0418,416.0214,0,209.6733,30.8368,95.7166,183.2796,132.8889,54.7141,155.8066,102.4859,99.4959,91.3104,235.6749,256.5487,255.2461,282.7909,254.8078,424.4824,203.1257,182.4328,266.7972,381.8279,279.3966,422.4455,336.4106,456.9942,377.0249,498.9579,365.6852,308.4697,434.4288,418.9188,312.1051,716.992,787.1364,573.7989,483.0676,511.5465,649.9589,692.635,491.0731,712.7912,858.8975,633.3503,545.6097,731.6279,525.2254
NAWALPARASI_E,520.4089,483.3932,714.4331,657.2627,567.6551,727.9458,777.4803,657.2986,771.484,398.1198,315.1984,707.998,562.9062,650.0123,432.7419,930.2764,317.5836,477.0034,405.9496,243.6115,125.238,65.123,145.3225,198.9822,239.5473,362.453,92.0285,337.2143,321.0845,172.5398,290.7248,209.6678,0,240.3682,305.248,182.4939,132.1032,155.5075,92.3508,107.3008,230.9649,193.1673,156.8493,107.1675,176.4205,203.9653,175.9823,345.6569,124.3002,31.4521,187.9716,303.0024,200.571,273.0643,257.5851,307.613,227.6437,349.5767,216.304,159.0885,285.0475,269.5376,162.7239,567.6108,637.7552,424.4177,406.2733,434.7523,500.5777,543.2538,341.6919,563.41,709.5163,483.9691,396.2285,582.2467,448.4312
MYAGDI,676.406,639.3903,870.4301,813.2597,723.6521,883.9428,933.4773,813.2956,927.481,228.3098,471.1955,863.995,718.9032,806.0093,588.7389,1039.8024,189.007,633.0004,561.9466,272.9074,210.4418,279.9657,301.3195,163.7908,395.5443,518.45,248.0255,493.2114,192.5079,203.8972,446.7218,30.8368,240.3737,0,78.1751,213.9801,163.5893,85.4145,186.5071,133.1863,102.3884,122.0108,266.3753,287.2491,285.9465,313.4913,285.5083,455.1828,233.8262,213.1332,297.4976,412.5283,310.097,453.146,367.111,487.6946,407.7253,529.6583,396.3856,339.1701,465.1292,449.6193,342.8055,747.6924,817.8369,604.4993,513.768,542.247,680.6593,723.3354,521.7735,743.4917,889.598,664.0507,576.3101,762.3283,555.9258
MUSTANG,741.2858,704.2701,935.3099,878.1395,788.5319,948.8226,998.3571,878.1754,992.3608,299.9088,536.0753,928.8748,783.7831,870.8891,653.6187,1104.6822,260.606,697.8802,626.8264,344.5064,275.3216,344.8455,366.1994,235.3898,460.4242,583.3298,312.9053,558.0912,264.1069,275.4962,511.6017,95.7166,305.2535,78.1751,0,278.8599,228.4691,150.2943,251.3869,198.0661,173.9874,186.8906,331.2551,352.1289,350.8263,378.3711,350.3881,520.0626,298.706,278.013,362.3774,477.4082,374.9768,518.0258,431.9909,552.5744,472.6051,594.5381,461.2654,404.0499,530.009,514.4991,407.6853,812.5722,882.7167,669.3791,578.6478,607.1268,745.5391,788.2152,586.6533,808.3715,954.4778,728.9305,641.1899,827.2081,620.8056
MANANG,702.9029,665.8872,896.927,839.7566,750.149,910.4397,959.9742,839.7925,953.9779,580.6137,497.6924,890.4919,745.4001,832.5062,615.2358,981.9226,398.5148,659.4973,588.4435,426.1054,307.7319,247.6169,327.8164,381.4761,422.0412,544.9469,274.5224,519.7083,402.0157,355.0337,473.2187,212.5367,182.4939,243.2371,308.1169,0,50.6814,158.3764,112.9839,110.1696,311.8962,196.0362,208.4955,229.3694,228.0667,255.6115,227.6285,397.3031,175.9464,155.2534,239.6178,354.6486,252.2172,395.2662,309.2313,429.8149,349.8455,471.7785,338.5058,281.2904,407.2494,391.7395,284.9257,689.8127,759.9571,546.6196,455.8882,484.3672,622.7796,665.4556,463.8937,685.6119,831.7182,606.1709,518.4304,704.4485,498.0461
LAMJUNG,652.5121,615.4964,846.5362,789.3658,699.7583,860.0489,909.5834,789.4017,903.5871,530.223,447.3016,840.1011,695.0094,782.1154,564.845,931.5319,348.1241,609.1065,538.0527,375.7146,257.3411,197.2261,277.4257,331.0854,371.6505,494.5561,224.1316,469.3175,351.625,304.643,422.828,162.1459,132.1032,192.8464,257.7262,50.6814,0,107.9856,62.5931,59.7789,261.5054,145.6454,158.1048,178.9786,177.676,205.2208,177.2377,346.9123,125.5556,104.8627,189.2271,304.2578,201.8265,344.8754,258.8405,379.4241,299.4548,421.3878,288.1151,230.8996,356.8586,341.3487,234.535,639.4219,709.5663,496.2288,405.4975,433.9764,572.3888,615.0649,413.503,635.2211,781.3274,555.7802,468.0396,654.0578,447.6553
KASKI,592.5995,555.5838,786.6237,729.4533,639.8457,800.1364,849.6709,729.4892,843.6746,279.9858,387.389,780.1886,635.0968,722.2029,504.9325,954.9324,240.683,549.194,478.1402,270.5105,126.6354,220.6267,217.5131,200.3796,311.7379,434.6436,164.2191,409.4049,244.1839,199.6291,362.9154,54.7049,155.5037,85.4053,150.2851,129.1101,78.7194,0,101.6371,48.3164,154.0644,38.2044,181.5053,202.3792,201.0765,228.6214,200.6383,370.3129,148.9562,128.2632,212.6276,327.6584,225.227,368.276,282.2411,402.8247,322.8553,444.7884,311.5156,254.3002,380.2592,364.7493,257.9355,662.8225,732.9669,519.6294,428.898,457.377,595.7894,638.4654,436.9035,658.6217,804.728,579.1807,491.4402,677.4583,471.0559
GORKHA,612.7598,575.7441,806.7839,749.6135,660.006,820.2966,869.8311,749.6494,863.8348,490.4706,407.5493,800.3488,655.2571,742.3631,525.0927,891.7795,341.7793,569.3542,498.3004,335.9623,217.5888,157.4738,237.6734,291.333,331.8982,454.8038,184.3793,429.5652,345.2802,264.8907,383.0757,155.8012,92.3508,186.5016,251.3814,112.9839,62.5931,101.6409,0,53.4341,255.1607,139.3007,118.3524,139.2263,137.9236,165.4685,137.4854,307.16,85.8033,65.1103,149.4748,264.5055,162.0742,305.1231,219.0882,339.6718,259.7025,381.6355,248.3628,191.1473,317.1063,301.5964,194.7826,599.6696,669.814,456.4765,365.7451,394.2241,532.6365,575.3126,373.7507,595.4688,741.5751,516.0279,428.2873,614.3055,407.903
TANAHU,627.7097,590.694,821.7338,764.5634,674.9559,835.2465,884.781,764.5993,878.7847,505.4205,422.4992,815.2987,670.207,757.313,540.0426,906.7294,288.4586,584.3041,513.2503,350.9122,174.4109,172.4237,252.6233,248.1552,346.8481,469.7537,199.3292,444.5151,291.9595,279.8406,398.0256,102.4805,107.3008,133.1809,198.0607,110.1696,59.7789,48.3201,53.4341,0,201.84,85.9799,133.3023,154.1762,152.8736,180.4184,152.4353,322.1099,100.7532,80.0602,164.4247,279.4554,177.0241,320.073,234.0381,354.6217,274.6524,396.5854,263.3127,206.0972,332.0562,316.5463,209.7326,614.6195,684.7639,471.4264,380.695,409.174,547.5864,590.2625,388.7006,610.4187,756.525,530.9778,443.2372,629.2554,422.8529
BAGLUNG,580.0214,543.0057,774.0455,716.8751,627.2676,787.5582,837.0927,716.911,831.0964,133.0209,214.4796,767.6104,622.5187,709.6247,332.023,1108.4615,93.7182,536.6158,465.562,226.0872,106.0734,183.5811,204.935,116.9706,299.1598,422.0654,151.6409,396.8268,97.2191,157.077,295.1567,99.4959,231.0337,102.3884,173.9874,282.6391,232.2484,154.0736,255.1661,201.8454,0,154.3332,335.0344,338.2012,354.6056,382.1504,354.1673,523.8419,302.4852,262.4858,366.1567,481.1874,378.7561,504.098,435.7701,538.6467,458.6774,580.6104,447.3377,390.1222,546.1426,500.5713,393.7576,893.227,963.3715,735.74,637.307,665.786,854.9595,868.87,572.7256,889.0263,1035.1326,809.5853,721.8447,907.8629,679.4649
SYANGJA,556.5795,519.5638,750.6037,693.4333,603.8257,764.1164,813.6508,693.4692,807.6546,434.2904,351.369,744.1686,599.0768,686.1829,468.9125,992.1423,240.9723,513.174,442.1202,234.4905,90.6154,160.1393,181.4931,164.3596,275.7179,398.6236,128.199,373.3849,244.4732,163.6091,326.8954,91.2853,192.7136,121.9857,186.8655,166.3199,115.9292,38.1358,138.8469,85.5262,154.3537,0,218.7152,239.589,238.2864,265.8312,237.8481,407.5227,186.166,165.4731,249.8375,364.8682,262.4369,405.4858,319.4509,440.0345,360.0652,481.9982,348.7255,291.51,417.4691,401.9592,295.1454,700.0323,770.1767,556.8392,466.1079,494.5868,632.9992,675.6753,474.1134,695.8315,841.9379,616.3906,528.65,714.6682,508.2657
NUWAKOT,677.2582,640.2425,871.2824,814.112,724.5044,884.7951,934.3296,814.1479,928.3333,554.9691,472.0477,864.8473,719.7555,806.8616,589.5912,781.2398,421.6475,633.8527,562.7989,400.4608,282.0873,221.9723,302.1718,355.8315,396.3966,519.3023,248.8778,494.0636,425.1484,329.3891,447.5741,235.6694,156.8493,266.3698,331.2496,208.4955,158.1048,181.5091,118.3524,133.3023,335.0289,219.1689,0,164.1459,81.9154,109.4602,81.4771,251.1517,39.5786,129.6088,93.4665,208.4972,51.5344,231.3656,163.0799,362.7453,282.776,404.709,271.4363,214.2208,340.1799,324.67,217.8562,622.7431,692.8876,479.55,309.7369,338.2159,555.71,598.3861,396.8242,618.5424,764.6487,539.1014,451.3608,418.0794,351.8947
MAKAWANPUR,627.5759,590.5602,821.6,764.4296,674.822,835.1127,884.6472,764.4655,878.6509,505.2867,422.3654,815.1649,670.0732,757.1792,539.9088,937.573,424.7505,584.1703,513.1165,350.7784,232.4049,172.2899,252.4895,306.1491,346.7143,469.6199,199.1954,444.3813,428.2514,279.7068,397.8917,256.5433,107.1669,287.2437,352.1235,229.3694,178.9786,202.3829,139.2263,154.1762,338.1319,240.0427,164.1459,0,76.4104,103.9552,75.9721,245.6467,171.1756,75.8388,87.9615,221.5267,207.8677,167.3552,157.5749,201.9039,121.9346,243.8676,110.5949,53.3794,179.3384,163.8285,57.0148,461.9017,532.0461,315.7983,300.5642,329.0432,394.8686,437.5447,235.9828,457.7009,603.8072,378.26,290.5194,476.5376,342.7221
LALITPUR,696.8328,659.8171,890.8569,833.6865,744.0789,904.3696,953.9041,833.7224,947.9078,574.5436,491.6223,884.4218,739.3301,826.4361,609.1657,855.3458,441.222,653.4272,582.3734,420.0353,301.6618,241.5468,321.7464,375.406,415.9712,538.8768,268.4523,513.6382,444.723,348.9637,467.1486,255.2439,176.4238,285.9444,350.8242,228.07,177.6793,201.0836,137.927,152.8769,354.6034,238.7434,81.9187,88.2143,0,29.2615,6.1734,170.953,89.1892,149.1833,13.2678,128.2986,125.6404,151.1669,82.8812,261.2437,206.8444,303.2073,195.5047,138.2892,238.6782,223.1683,141.9246,521.2414,591.3859,378.0483,229.5382,258.0172,454.2084,496.8844,295.3225,517.0407,663.147,437.5997,349.8592,337.8807,271.696
KABHREPALANCHOK,724.0629,687.0472,918.087,860.9166,771.3091,931.5997,981.1342,860.9526,975.1379,601.7738,518.8524,911.6519,766.5602,853.6662,636.3958,882.5759,468.4522,680.6573,609.6035,447.2655,328.892,268.777,348.9765,402.6362,443.2013,566.1069,295.6824,540.8683,471.9531,376.1938,494.3788,282.4741,203.654,313.1745,378.0543,255.3002,204.9094,228.3138,165.1571,180.107,381.8336,265.9736,109.1488,115.4445,28.9468,0,29.5154,142.4343,116.4194,176.4135,19.9159,100.0026,152.8705,122.8709,54.3626,232.9477,217.7942,274.9113,222.7348,165.5194,210.3822,194.8723,169.1547,492.9455,563.0899,349.7524,201.2422,229.7212,425.9124,468.5884,267.0265,488.7447,634.851,409.3037,321.5632,309.5847,243.4
KATHMANDU,696.2215,659.2058,890.2456,833.0752,743.4677,903.7583,953.2928,833.1111,947.2965,573.9324,491.011,883.8105,738.7188,825.8248,608.5544,854.7345,440.6108,652.8159,581.7621,419.424,301.0506,240.9356,321.1351,374.7948,415.3599,538.2655,267.841,513.0269,444.1117,348.3524,466.5374,254.6327,175.8126,285.3331,350.2129,227.4588,177.068,200.4724,137.3157,152.2656,353.9922,238.1322,81.3074,88.5796,6.6954,30.9135,0,172.6051,88.578,148.5721,14.9198,129.9506,125.0291,152.8189,84.5333,262.8957,207.2097,304.8594,195.87,138.6545,240.3302,224.8203,142.2899,522.8935,593.0379,379.7004,231.1902,259.6692,455.8604,498.5365,296.9746,518.6927,664.799,439.2518,351.5112,339.5328,273.3481
DOLAKHA,866.1124,829.0967,1060.1365,1002.9661,913.3586,1073.6492,1123.1837,1003.002,1117.1874,743.8233,660.9019,1053.7014,908.6097,995.7157,778.4453,1024.6254,610.5017,822.7068,751.653,589.3149,470.9415,410.8265,491.026,544.6857,585.2508,708.1564,437.7319,682.9178,614.0026,518.2433,636.4283,424.5236,345.7035,455.224,520.1038,397.3497,346.9589,370.3633,307.2066,322.1565,523.8831,408.0231,251.1983,257.494,170.9963,142.3559,171.5648,0,258.4689,318.463,161.9654,99.501,294.92,152.5793,113.2033,262.6561,247.5027,304.6198,290.2108,313.6249,240.0906,224.5807,299.099,522.6539,592.7983,379.4608,230.9506,259.4296,455.6208,498.2968,296.7349,518.4531,664.5594,439.0121,351.2716,339.2931,273.1085
DHADING,644.7091,607.6934,838.7333,781.5629,691.9553,852.246,901.7804,781.5988,895.7842,522.42,439.4986,832.2982,687.2064,774.3125,557.0421,818.637,389.0984,601.3036,530.2498,367.9117,249.5382,189.4232,269.6227,323.2824,363.8475,486.7532,216.3286,461.5145,392.5993,296.84,415.025,203.1203,124.3002,233.8207,298.7005,175.9464,125.5556,148.96,85.8033,100.7532,302.4798,186.6198,39.5786,171.1756,89.1859,116.7307,88.7477,258.4222,0,97.0597,100.737,215.7678,88.9316,238.6361,170.3505,371.6211,291.6518,413.5848,280.3121,223.0966,349.0557,333.5458,226.732,631.6189,701.7634,488.4258,317.0074,345.4864,564.5859,607.2619,405.7,627.4182,773.5245,547.9772,460.2367,646.2548,359.1653
CHITAWAN,551.8605,514.8448,745.8847,688.7143,599.1067,759.3974,808.9318,688.7502,802.9355,429.5714,346.65,739.4496,594.3578,681.4639,464.1935,902.7514,349.0351,508.455,437.4011,275.0631,156.6896,96.5746,176.7741,230.4338,270.9989,393.9045,123.48,368.6659,352.5361,203.9914,322.1764,182.1428,31.4516,212.8433,277.7231,154.9689,104.5782,127.9825,64.8259,79.7758,262.4165,165.6423,129.3243,75.8388,148.8955,176.4404,148.4573,318.1319,96.7752,0,160.4466,275.4774,173.0461,241.7356,230.0601,276.2843,196.3149,318.248,184.9752,127.7598,253.7188,238.2089,131.3951,536.2821,606.4265,393.089,374.9446,403.4236,469.249,511.925,310.3631,532.0813,678.1876,452.6403,364.8998,550.9179,417.1024
BHAKTAPUR,708.4061,671.3904,902.4303,845.2599,755.6523,915.943,965.4774,845.2958,959.4812,586.117,503.1956,895.9952,750.9034,838.0095,620.7391,866.9192,452.7954,665.0006,593.9468,431.6087,313.2352,253.1202,333.3197,386.9794,427.5445,550.4502,280.0257,525.2115,456.2963,360.537,478.722,266.8173,187.9972,297.5177,362.3975,239.6434,189.2526,212.657,149.5003,164.4502,366.1768,250.3168,93.4921,99.7877,13.29,17.4592,13.8586,159.1507,100.7626,160.7567,0,116.4962,137.2138,139.3646,71.0789,249.4413,218.4178,291.405,207.0781,149.8626,226.8759,211.366,141.6354,509.4391,579.5835,366.246,217.7358,246.2148,442.406,485.0821,283.5202,505.2383,651.3447,425.7974,338.0568,326.0784,259.8937
RAMECHHAP,823.5007,786.485,1017.5249,960.3545,870.7469,1031.0375,1080.572,960.3904,1074.5757,701.2116,618.2902,1011.0898,865.998,953.104,735.8337,982.0137,567.89,780.0952,709.0413,546.7033,428.3298,368.2148,448.4143,502.074,542.6391,665.5447,395.1202,640.3061,571.3909,475.6316,593.8166,381.9119,303.0918,412.6123,477.4921,354.738,304.3472,327.7516,264.5949,279.5448,481.2714,365.4114,208.5866,221.4881,128.3846,100.3168,128.9532,99.501,215.8572,275.8513,119.3537,0,252.3084,55.1448,137.0777,165.2215,150.0681,207.1852,192.7763,216.1903,142.6561,127.1462,201.6645,425.2193,495.3637,282.0262,133.516,161.995,358.1862,400.8623,199.3004,421.0186,567.1249,341.5776,253.837,241.8586,175.6739
RASUWA,720.98,683.9643,915.0041,857.8337,768.2261,928.5168,978.0513,857.8696,972.055,598.6908,515.7695,908.569,763.4773,850.5833,633.3129,729.7054,465.3692,677.5744,606.5206,444.1825,325.809,265.694,345.8935,399.5532,440.1184,563.024,292.5995,537.7854,468.8702,373.1109,491.2958,279.3911,200.571,310.0915,374.9714,252.2172,201.8265,225.2308,162.0742,177.0241,378.7506,262.8906,51.5344,207.8677,125.6371,153.1819,125.1989,294.8734,113.3364,173.3305,137.1882,252.219,0,275.0873,206.8017,406.4671,326.4977,448.4307,315.158,257.9425,383.9016,368.3917,261.5779,666.4648,736.6093,523.2717,353.4586,381.9376,599.4318,642.1078,440.5459,662.2641,808.3704,582.8231,495.0826,461.8011,395.6164
SINDHULI,793.4305,756.4148,987.4547,930.2842,840.6767,1000.9673,1050.5018,930.3202,1044.5055,671.1414,588.22,981.0195,835.9278,923.0338,705.7634,1004.8785,590.6051,750.0249,678.9711,516.6331,398.2596,338.1446,418.3441,472.0038,512.5689,721.1303,365.05,681.589,594.106,445.5614,563.7464,422.3979,273.0216,453.0983,517.9781,395.224,344.8332,368.2376,305.0809,320.0308,503.9865,405.8974,231.4514,167.313,151.2494,123.1816,151.818,152.5758,238.722,241.6934,142.2185,55.1412,275.1732,0,159.9425,111.0465,95.893,153.0101,138.6012,162.0153,88.481,72.9711,147.4894,371.0443,441.1887,227.8512,152.4669,180.9459,304.0112,346.6872,145.1253,366.8435,512.9498,287.4025,199.662,385.6801,194.6247
SINDHUPALCHOK,778.0406,741.0249,972.0648,914.8944,825.2868,985.5775,1035.1119,914.9303,1029.1156,655.7515,572.8301,965.6297,820.5379,907.6439,690.3736,936.5536,522.4299,734.6351,663.5812,501.2432,382.8697,322.7547,402.9542,456.6139,497.179,620.0846,349.6601,594.846,525.9308,430.1715,548.3565,336.4518,257.6317,367.1522,432.032,309.2779,258.8871,282.2915,219.1348,234.0847,435.8113,319.9513,163.1265,169.4222,82.9245,54.2841,83.4931,113.2033,170.3971,230.3912,73.8936,137.0777,206.8483,159.9461,0,270.0228,254.8694,311.9865,276.7126,219.4971,247.4574,231.9475,223.1325,530.0206,600.1651,386.8275,238.3174,266.7964,462.9876,505.6636,304.1017,525.8199,671.9262,446.3789,358.6384,346.6599,280.4752
SIRAHA,936.0047,853.2108,1084.2506,1027.0802,937.4727,1097.7633,1147.2978,1027.1161,1141.3015,783.5256,700.6042,1077.8155,932.7238,1019.8298,863.6881,1132.5067,621.5303,846.8209,775.7671,629.0173,429.1847,449.5933,503.0504,502.929,624.9531,716.3473,395.9752,676.806,625.0312,476.4866,676.1306,453.3231,303.9468,484.0235,548.9033,426.1492,375.7584,399.1628,336.0061,350.956,534.9117,436.8226,359.0796,198.2382,257.7027,229.6348,258.2712,259.029,367.9554,272.6186,248.6718,161.5945,402.8014,107.423,266.3958,0,124.3329,57.9976,135.9166,192.9405,70.2101,44.163,178.4146,300.5825,370.727,158.0293,153.2062,181.6852,233.5494,276.2255,74.6636,296.3818,442.4881,216.9408,129.2002,315.2184,195.3641
SARLAHI,853.7012,770.9073,1001.9472,944.7768,855.1692,1015.4599,1064.9943,944.8127,1058.998,625.7242,542.8029,995.5121,850.4203,937.5264,781.3846,1056.1644,545.188,764.5175,693.4636,471.2159,352.8424,292.7274,420.747,426.5867,467.1518,634.0439,319.6329,594.5026,548.6889,400.1443,518.3293,376.9808,227.6044,407.6812,472.561,349.8069,299.4161,322.8205,259.6638,274.6137,458.5694,360.4803,282.7373,121.8959,195.0018,218.1084,194.5635,247.5027,291.6131,196.2763,206.5529,150.0681,326.4591,95.8966,254.8694,124.3329,0,184.9701,46.5285,116.5982,59.2753,78.3123,102.0723,468.7206,538.865,311.2336,229.1056,257.5846,430.4531,444.3636,164.5241,464.5198,610.6261,385.0789,297.3383,483.3565,271.2634
SAPTARI,1000.4722,917.6783,1148.7181,1091.5477,1001.9402,1162.2308,1211.7653,1091.5836,1205.769,741.1786,658.2573,1142.283,997.1913,1084.2973,928.1556,1171.6188,660.6424,911.2884,840.2346,586.6703,468.2968,514.0608,567.5179,542.0411,582.6062,780.8148,435.0873,741.2735,664.1433,515.5987,633.7837,492.4352,343.0589,523.1356,588.0154,465.2613,414.8705,438.2749,375.1182,390.0681,574.0238,475.9347,398.1917,237.3503,296.8148,268.7469,297.3833,298.1411,407.0675,311.7307,287.7839,200.7066,441.9135,146.5351,305.5079,79.6968,184.9691,0,295.3463,232.0526,130.8463,123.1968,217.5267,219.6617,289.8061,76.4686,192.3183,220.7973,152.6286,195.3047,61.1349,215.4609,361.5673,136.02,48.2794,234.2976,234.4762
RAUTAHAT,814.305,731.5112,962.551,905.3806,815.773,976.0637,1025.5982,905.4165,1019.6019,661.826,578.9046,956.1159,811.0242,898.1302,741.9884,1044.8247,515.3281,725.1213,654.0675,507.3177,322.9826,249.1538,381.3508,396.7268,503.2535,594.6477,289.773,555.1064,690.7058,370.2844,554.431,365.6411,216.2647,396.3415,461.2213,338.4672,288.0764,311.4808,248.3241,263.274,428.7095,349.1405,271.3976,110.5562,183.6621,211.2069,183.2238,290.2108,280.2734,184.9366,195.2132,192.7763,315.1194,138.6048,264.8266,135.7348,46.5285,196.372,0,58.326,70.6772,89.7142,47.5636,511.5327,581.6772,354.0457,271.8137,300.2927,473.2652,487.1757,207.2323,507.332,653.4383,427.891,340.1505,526.1686,313.9716
PARSA,679.5867,642.571,873.6109,816.4405,726.8329,887.1236,936.658,816.4764,930.6617,557.2976,474.3762,867.1758,722.084,809.19,591.9197,987.7378,476.7613,636.1812,565.1273,402.7893,284.4158,224.3008,304.5003,358.16,398.7251,521.6307,251.2062,558.7137,480.2622,331.7176,449.9026,308.5541,159.1778,339.2545,404.1343,281.3802,230.9894,254.3938,191.2371,206.187,390.1427,292.0536,214.3107,53.4692,126.5751,154.1199,126.1369,313.6076,223.1865,127.8496,138.1262,216.173,258.0324,162.0015,207.7397,196.5502,116.5808,238.5139,58.2044,0,173.9847,158.4748,15.2857,530.8384,600.9828,373.3514,295.2105,323.6895,492.5709,506.4814,230.629,526.6376,672.7439,447.1967,359.4561,545.4743,337.3683
MAHOTTARI,852.3066,769.5128,1000.5526,943.3822,853.7746,1014.0653,1063.5998,943.4181,1057.6035,699.8276,616.9062,994.1175,849.0257,936.1318,779.99,1113.6198,632.0696,763.1229,692.0691,545.3193,439.724,365.8952,419.3524,513.4682,541.2551,632.6493,406.5145,593.108,728.7074,487.0258,592.4326,434.4361,285.0598,465.1365,530.0163,407.2622,356.8714,380.2758,317.1191,332.069,545.451,417.9356,340.1927,179.3512,238.8157,210.7479,239.3843,240.1421,349.0685,253.7316,229.7848,142.7075,383.9144,88.536,247.5088,70.2101,59.2753,130.8473,70.859,174.0535,0,19.0371,159.5276,378.9757,449.1202,221.4887,201.9929,230.4719,340.7082,354.6187,137.4115,374.775,520.8813,295.334,207.5934,393.6116,244.1508
DHANUSHA,871.3707,788.5768,1019.6167,962.4462,872.8387,1033.1293,1082.6638,962.4822,1076.6675,667.5862,584.6648,1013.1815,868.0898,955.1958,799.0541,1098.0264,587.05,782.1869,711.1331,513.0779,394.7044,334.5894,438.4164,468.4486,509.0137,651.7134,361.4948,612.172,590.5509,442.0062,560.1912,418.8427,269.4664,449.5431,514.4229,391.6688,341.2781,364.6824,301.5257,316.4756,500.4313,402.3422,324.5993,163.7578,223.2223,195.1545,223.7909,224.5487,333.4751,238.1382,214.1914,127.1141,368.321,72.9426,231.9155,44.163,78.3393,104.8002,89.923,158.4601,19.064,0,143.9343,367.7268,437.8713,210.2398,186.3996,214.8785,329.4593,343.3698,121.8181,363.5261,509.6324,284.0851,196.3446,382.3627,228.5574
BARA,683.0959,646.0802,877.1201,819.9497,730.3421,890.6328,940.1673,819.9856,934.171,560.8068,477.8854,870.685,725.5932,812.6993,595.4289,991.247,480.2706,639.6904,568.6366,406.2985,287.925,227.81,308.0095,361.6692,402.2343,525.14,254.7155,499.9013,483.7715,335.2268,453.4118,312.0633,162.687,342.7637,407.6436,284.8894,234.4987,257.903,194.7463,209.6963,393.6519,295.5628,217.8199,56.9785,130.0843,157.6291,129.6461,299.1014,226.6957,131.3588,141.6354,201.6668,261.5416,147.4953,211.2489,182.044,102.0747,224.0077,47.5362,15.4427,159.4785,143.9686,0,442.0418,512.1862,388.3654,280.7043,309.1833,375.0087,417.6848,216.1229,437.841,583.9473,358.4001,270.6595,456.6777,322.8622
SANKHUWASABHA,1199.3118,1116.5179,1347.5578,1290.3874,1200.7798,1373.8291,1410.605,1290.4233,1404.6087,1046.8327,963.9114,1341.1227,1196.0309,1283.137,1126.9952,1392.2112,979.0748,1110.1281,1039.0743,892.3244,786.7292,712.9004,766.3576,860.4734,888.2603,979.6545,753.5197,940.1132,1075.7126,834.031,939.4378,713.0275,563.6512,743.7279,808.6077,685.8536,635.4628,658.8672,595.7105,610.6604,892.4561,696.527,618.7841,457.9426,517.4071,489.3392,517.9757,518.7335,627.6599,532.323,508.3762,421.2989,662.5058,367.1274,526.1002,300.2892,468.6569,219.6226,494.186,528.1627,378.9182,343.7891,438.119,0,167.4639,177.4013,412.9106,188.8458,240.7701,92.1569,281.7272,242.4071,258.4194,84.6522,171.3232,106.819,455.0685
PANCHTHAR,1250.2619,1167.468,1398.5078,1341.3374,1251.7298,1412.0205,1461.555,1341.3733,1455.5587,1097.7828,1014.8614,1392.0727,1246.981,1334.087,1177.9453,1652.3706,1030.0248,1161.0781,1090.0243,943.2745,837.6792,763.8505,817.3076,911.4234,939.2103,1030.6045,804.4697,991.0632,1126.6626,884.9811,990.3878,763.9775,614.6012,794.6779,859.5577,736.8036,686.4129,709.8172,646.6605,661.6105,943.4062,747.477,669.7341,508.8927,568.3572,540.2893,568.9257,569.6835,678.6099,583.273,559.3262,472.2489,713.4558,418.0774,577.0503,351.2392,519.6069,270.5726,545.136,579.1128,429.8682,394.7391,489.0691,167.4639,0,228.3513,463.8606,278.3887,156.7138,76.0706,332.6772,74.9781,95.257,135.6023,222.2732,196.3619,506.0185
MORANG,1045.9652,963.1713,1194.2112,1137.0407,1047.4332,1207.7238,1257.2583,1137.0767,1251.262,893.4861,810.5648,1187.7761,1042.6843,1129.7903,973.6486,1250.0669,825.7281,956.7814,885.7276,738.9778,633.3826,559.5538,613.0109,707.1268,734.9136,826.3079,600.173,786.7665,922.366,680.6844,786.0911,570.8832,421.5069,601.5836,666.4634,543.7093,493.3185,516.7229,453.5662,468.5161,739.1095,554.3827,476.6398,315.7983,375.2628,347.1949,375.8314,376.5892,485.5156,390.1787,366.2319,279.1546,520.3615,224.9831,383.9559,162.6602,315.3103,77.4783,340.8394,374.8161,225.5716,214.3227,389.8594,178.4501,248.1922,0,270.7663,275.1128,111.0147,154.093,139.5829,173.8471,320.3556,94.8083,29.1789,193.0859,312.9242
OKHALDHUNGA,1054.2135,971.4196,1202.4595,1145.2891,1055.6815,1215.9722,1265.5067,1145.325,1259.5104,804.3788,721.4575,1196.0244,1050.9326,1138.0387,839.0009,1083.2534,723.8426,965.0298,893.976,649.8705,531.497,471.382,551.5816,605.2412,645.8064,834.5562,498.2875,795.0149,727.3435,578.7989,696.9838,483.1515,406.259,513.8519,578.7317,455.9776,405.5868,428.9912,365.8345,380.7844,637.224,466.651,309.8263,300.5505,229.6243,201.5564,230.1928,230.9506,317.0968,374.9309,220.5933,133.516,353.548,152.4704,238.3174,153.1958,229.1305,195.1595,272.7659,295.2528,201.9069,186.397,280.7269,413.1936,483.338,270.0005,0,125.7154,346.1605,388.8365,160.503,408.9928,555.0991,329.5518,241.8113,205.579,67.9782
KHOTANG,1082.6925,999.8986,1230.9385,1173.7681,1084.1605,1244.4512,1293.9856,1173.804,1287.9894,832.8578,749.9365,1224.5034,1079.4116,1166.5177,867.4799,1111.7323,752.3216,993.5088,922.455,678.3495,559.976,499.861,580.0605,633.7202,674.2853,863.0352,526.7665,823.4939,755.8225,607.2778,725.4628,511.6305,434.738,542.3309,607.2107,484.4566,434.0658,457.4702,394.3135,409.2634,665.703,495.13,338.3052,329.0295,258.1032,230.0354,258.6718,259.4296,345.5758,403.4098,249.0723,161.995,382.027,180.9494,266.7964,181.6748,257.6095,223.6384,301.2448,323.7317,230.3859,214.876,309.2059,188.8458,278.3887,274.064,125.7154,0,337.4329,203.0817,188.982,400.2652,369.3443,181.315,270.2903,83.8052,167.8733
JHAPA,1132.3578,1049.5639,1280.6038,1223.4334,1133.8258,1294.1165,1343.6509,1223.4693,1337.6546,979.8787,896.9574,1274.1687,1129.0769,1216.183,1060.0412,1325.2571,912.1207,1043.1741,972.1202,825.3704,719.7752,645.9464,699.4035,793.5194,821.3063,912.7005,686.5656,873.1592,1008.7586,767.077,872.4837,646.0735,496.6972,676.7739,741.6537,618.8996,568.5088,591.9132,528.7565,543.7064,825.5021,629.573,551.83,390.9886,450.4531,422.3852,451.0216,451.7795,560.7059,465.369,441.4222,354.3449,595.5518,300.1734,459.1462,233.3352,401.7029,152.6685,427.232,461.2087,311.9642,276.8351,371.165,240.7448,153.7743,110.0441,345.9566,337.4075,0,216.3878,214.7732,79.4291,248.9965,157.1031,104.3691,255.3807,388.1145
TERHATHUM,1174.9548,1092.1609,1323.2008,1266.0304,1176.4228,1336.7134,1386.2479,1266.0663,1380.2516,1022.4757,939.5544,1316.7657,1171.6739,1258.7799,1102.6382,1367.8541,954.7177,1085.7711,1014.7172,867.9674,762.3722,688.5434,742.0005,836.1164,863.9032,955.2975,729.1626,915.7561,1051.3556,809.674,915.0807,688.6705,539.2941,719.3709,784.2507,661.4966,611.1058,634.5102,571.3535,586.3034,868.0991,672.17,594.427,433.5856,493.0501,464.9822,493.6186,494.3764,603.3028,507.966,484.0192,396.9419,638.1488,342.7704,501.7432,275.9321,444.2999,195.2655,469.829,503.8057,354.5612,319.4321,413.762,92.1569,76.0706,153.0442,388.5536,203.0817,216.4131,0,257.3702,151.0138,167.0261,60.2952,146.9661,121.0548,430.7115
UDAYAPUR,1016.1593,933.3655,1164.4053,1107.2349,1017.6273,1177.918,1227.4525,1107.2708,1221.4562,736.1407,653.2194,1157.9702,1012.8784,1099.9845,943.8427,1166.5809,655.6045,926.9756,855.9218,581.6324,463.2589,403.1439,583.2051,537.0031,577.5683,796.502,430.0494,756.9607,659.1054,510.5608,628.7458,487.3973,338.0209,518.0977,582.9775,460.2234,409.8326,433.2369,370.0803,385.0302,568.9859,470.8967,393.1538,232.3124,291.7769,263.709,292.3454,293.1032,402.0296,306.6928,282.746,195.6687,436.8756,141.4972,300.47,74.6589,160.8924,63.9818,204.5278,227.0147,133.6688,118.1589,212.4888,282.0159,352.1603,138.8228,160.458,188.937,214.9828,257.6589,0,277.8151,423.9214,198.3742,110.6336,296.6518,202.6158
ILAM,1195.1901,1112.3962,1343.4361,1286.2657,1196.6581,1356.9488,1406.4833,1286.3016,1400.487,1042.7111,959.7897,1337.001,1191.9092,1279.0153,1122.8735,1578.0254,974.9531,1106.0064,1034.9526,888.2027,782.6075,708.7787,762.2359,856.3517,884.1386,975.5328,749.398,935.9915,1071.5909,829.9093,935.3161,708.9058,559.5295,739.6062,804.486,681.7319,631.3411,654.7455,591.5888,606.5387,888.3345,692.4053,614.6624,453.8209,513.2854,485.2176,513.854,514.6118,623.5382,528.2013,504.2545,417.1772,658.3841,363.0057,521.9785,296.1675,464.5352,215.5009,490.0643,524.041,374.7965,339.6674,433.9973,242.4071,74.9781,172.8764,408.7889,353.332,82.3686,151.0138,277.6055,0,170.2003,219.9354,167.2015,271.3051,450.9468
TAPLEJUNG,1341.2174,1258.4235,1489.4633,1432.2929,1342.6854,1502.976,1552.5105,1432.3288,1546.5142,1188.7383,1105.8169,1483.0282,1337.9365,1425.0425,1268.9008,1747.5928,1120.9803,1252.0336,1180.9798,1034.23,928.6347,854.806,908.2631,1002.379,1030.1658,1121.56,895.4252,1082.0187,1217.6181,975.9366,1081.3433,854.933,705.5567,885.6335,950.5133,827.7591,777.3684,800.7727,737.6161,752.566,1034.3617,838.4325,760.6896,599.8482,659.3127,631.2448,659.8812,660.639,769.5654,674.2285,650.2817,563.2045,804.4113,509.033,668.0058,442.1947,610.5625,361.5281,636.0915,670.0683,520.8237,485.6947,580.0246,258.4194,95.257,319.3068,554.8162,369.3443,251.936,167.0261,423.6327,170.2003,0,226.5578,313.2287,287.3174,596.974
DHANKUTA,1115.6701,1032.8762,1263.9161,1206.7457,1117.1381,1277.4287,1326.9632,1206.7816,1320.9669,963.191,880.2697,1257.481,1112.3892,1199.4952,1043.3535,1308.5694,895.433,1026.4864,955.4325,808.6827,703.0875,629.2587,682.7158,776.8317,804.6185,896.0128,669.8779,856.4714,992.0709,750.3893,855.796,629.3858,480.0095,660.0862,724.966,602.2119,551.8211,575.2255,512.0688,527.0187,808.8144,612.8853,535.1423,374.3009,433.7654,405.6975,434.3339,435.0917,544.0181,448.6813,424.7345,337.6572,578.8641,283.4857,442.4585,216.6474,385.0152,135.9808,410.5443,444.521,295.2765,260.1474,354.4773,84.6522,135.6023,93.7595,329.2689,181.315,157.1284,60.2952,198.0855,219.9607,226.5578,0,87.6814,99.2881,371.4268
SUNSARI,1027.9887,945.1948,1176.2346,1119.0642,1029.4567,1189.7473,1239.2818,1119.1001,1233.2855,875.5096,792.5882,1169.7995,1024.7078,1111.8138,955.6721,1220.888,807.7516,938.8049,867.7511,721.0013,615.406,541.5773,595.0344,689.1502,716.9371,808.3313,582.1965,768.79,904.3894,662.7079,768.1146,541.7043,392.328,572.4047,637.2846,514.5304,464.1397,487.544,424.3874,439.3373,721.133,525.2038,447.4609,286.6195,346.084,318.0161,346.6525,347.4103,456.3367,360.9998,337.053,249.9758,491.1826,195.8042,354.7771,128.966,297.3337,48.2994,322.8628,356.8396,207.595,172.466,266.7959,171.3823,241.5267,28.1892,241.5875,270.0664,104.3492,147.0253,110.404,167.1815,313.2878,87.7406,0,186.0182,283.7453
BHOJPUR,1214.3698,1131.5759,1362.6158,1305.4454,1215.8378,1376.1285,1425.6629,1305.4813,1419.6666,1061.8907,978.9694,1356.1807,1211.0889,1298.195,1142.0532,1191.5959,994.1327,1125.1861,1054.1322,907.3824,801.7872,727.9584,781.4156,875.5314,903.3183,994.7125,768.5776,955.1712,1090.7706,849.089,954.4957,728.0855,578.7092,758.7859,823.6657,700.9116,650.5208,673.9252,610.7685,625.7184,907.5141,711.585,418.1688,473.0006,337.9668,309.8989,338.5353,339.2931,642.7179,547.381,328.9359,241.8586,461.8905,382.1854,346.6599,315.3472,483.7149,234.6805,509.244,543.2207,393.9762,358.8471,453.177,107.2411,196.784,192.4593,205.579,83.8052,255.8281,121.4769,296.7852,318.6604,287.7395,99.7102,186.3811,0,247.7368
SOLUKHUMBU,1095.7395,1012.9456,1243.9855,1186.815,1097.2075,1257.4981,1307.0326,1186.851,1301.0363,845.9048,762.9834,1237.5503,1092.4586,1179.5646,880.5269,1124.7793,765.3686,1006.5557,935.5019,691.3965,573.023,512.908,593.1075,646.7672,687.3323,876.0822,539.8135,836.5408,768.8695,620.3248,738.5098,524.6775,447.785,555.3779,620.2577,497.5036,447.1128,470.5172,407.3605,422.3104,678.7499,508.177,351.3522,342.0765,271.1502,243.0823,271.7188,272.4766,358.6228,416.4568,262.1193,175.042,395.0739,193.9964,279.8433,194.7217,270.6565,236.6854,314.2918,336.7787,243.4328,227.9229,322.2529,454.7195,524.864,311.5264,67.3463,167.2414,387.6864,430.3625,202.029,450.5188,596.6251,371.0778,283.3372,247.1049,0
